,BAI_Heart_Atrial_Appendage,BAI_Left_Ventricle,CAI_Heart_Atrial_Appendage,CAI_Left_Ventricle,CpG%
mimic_Heart_Left_Ventricle_0.4_d9,0.6891565763115061,0.7158455871264912,0.84326194055341,0.8432346953930258,0.054333061668024984
mimic_Heart_Atrial_Appendage_0.4_d9,0.6940358508848452,0.6967229817751687,0.8346098293585107,0.8341388923164578,0.047813094267861955
target_Heart_Atrial_Appendage_0.85_d1,0.8491441521457646,0.8444963773085918,0.937419494038347,0.9364488231419357,0.10160282531920672
target_Heart_Left_Ventricle_0.85_d1,0.813281434905497,0.8492249851849518,0.9327172046401161,0.9342571583250262,0.09834284161912521
